City_ID,City,Cloudiness,Country,Date,Humidity,Lat,Lng,Max Temp,Wind Speed
0,Atuona,100,PF,2021-03-28 16:54:28,71,-9.8,-139.0333,81.16,18.01
1,Puerto Del Rosario,40,ES,2021-03-28 16:54:29,64,28.5004,-13.8627,71.6,18.41
2,Vaini,75,TO,2021-03-28 16:54:29,100,-21.2,-175.2,77.0,8.05
3,Cape Town,0,ZA,2021-03-28 16:54:29,56,-33.9258,18.4232,75.99,9.22
4,Pevek,34,RU,2021-03-28 16:54:29,98,69.7008,170.3133,-20.27,1.45
5,Bluff,100,NZ,2021-03-28 16:54:30,97,-46.6,168.3333,53.01,4.56
6,Ushuaia,40,AR,2021-03-28 16:51:19,57,-54.8,-68.3,46.4,33.38
7,Orumiyeh,0,IR,2021-03-28 16:54:30,55,37.5527,45.0761,35.6,2.46
8,Albany,100,US,2021-03-28 16:54:30,88,42.6001,-73.9662,50.0,12.8
9,Turayf,0,SA,2021-03-28 16:54:31,29,31.6725,38.6637,60.8,6.91
10,Pangnirtung,75,CA,2021-03-28 16:54:31,39,66.1451,-65.7125,5.0,2.48
11,Namibe,69,AO,2021-03-28 16:54:31,72,-15.1961,12.1522,74.77,12.66
12,Salisbury,75,GB,2021-03-28 16:54:32,76,51.0693,-1.7957,53.6,24.16
13,Debre Tabor,98,ET,2021-03-28 16:54:32,49,11.85,38.0167,59.74,5.57
14,Punta Arenas,0,CL,2021-03-28 16:54:32,43,-53.15,-70.9167,51.8,23.02
15,Okato,100,NZ,2021-03-28 16:54:32,96,-39.2,173.8833,60.01,13.0
16,Rio Gallegos,0,AR,2021-03-28 16:51:31,28,-51.6226,-69.2181,55.4,25.32
17,Faanui,52,PF,2021-03-28 16:54:33,74,-16.4833,-151.75,82.04,21.92
18,Thompson,75,CA,2021-03-28 16:54:07,58,55.7435,-97.8558,19.4,3.44
19,Rikitea,11,PF,2021-03-28 16:51:21,75,-23.1203,-134.9692,78.42,16.51
20,Linhares,0,BR,2021-03-28 16:54:33,40,-19.3911,-40.0722,93.42,1.95
21,Carnarvon,0,AU,2021-03-28 16:54:34,94,-24.8667,113.6333,75.2,4.61
22,Snasa,0,NO,2021-03-28 16:54:34,43,64.2457,12.3778,48.2,10.36
23,Siloam Springs,1,US,2021-03-28 16:51:53,37,36.1881,-94.5405,57.0,14.97
24,Namatanai,99,PG,2021-03-28 16:54:34,79,-3.6667,152.4333,78.89,8.25
25,Puerto Ayora,41,EC,2021-03-28 16:54:35,87,-0.7393,-90.3518,81.0,10.0
26,Hilo,90,US,2021-03-28 16:54:35,88,19.7297,-155.09,66.2,6.91
27,Butaritari,23,KI,2021-03-28 16:54:35,81,3.0707,172.7902,80.15,11.48
28,Geraldton,3,AU,2021-03-28 16:51:54,73,-28.7667,114.6,69.8,1.14
29,Aquiraz,75,BR,2021-03-28 16:54:03,66,-3.9014,-38.3911,87.8,9.22
30,Bredasdorp,100,ZA,2021-03-28 16:54:36,72,-34.5322,20.0403,66.2,14.97
31,Margate,100,GB,2021-03-28 16:54:36,71,51.3813,1.3862,52.0,5.99
32,Saint George,1,US,2021-03-28 16:54:14,40,37.1041,-113.5841,60.01,4.61
33,Bethel,100,US,2021-03-28 16:54:36,96,41.3712,-73.414,51.01,5.99
34,Khandyga,95,RU,2021-03-28 16:54:37,97,62.6667,135.6,11.59,1.95
35,Carauari,100,BR,2021-03-28 16:54:37,86,-4.8828,-66.8958,77.94,2.93
36,Tyup,100,KG,2021-03-28 16:54:37,75,42.7276,78.3648,40.32,6.6
37,Mardin,0,TR,2021-03-28 16:54:37,47,37.3131,40.7436,53.6,9.22
38,Presque Isle,90,US,2021-03-28 16:54:38,93,46.6811,-68.0159,30.2,16.11
39,Longyearbyen,20,SJ,2021-03-28 16:54:38,80,78.2186,15.6401,32.0,14.97
40,Tuktoyaktuk,75,CA,2021-03-28 16:54:38,76,69.4541,-133.0374,-23.8,10.36
41,Ulladulla,31,AU,2021-03-28 16:54:39,100,-35.35,150.4667,59.0,8.05
42,Siocon,90,PH,2021-03-28 16:54:39,82,7.7061,122.1353,79.03,7.31
43,Sinnamary,96,GF,2021-03-28 16:54:39,76,5.3833,-52.95,81.59,15.43
44,Fort Frances,20,CA,2021-03-28 16:50:05,47,48.5999,-93.4003,35.01,10.36
45,Bud,99,US,2021-03-28 16:54:40,76,39.447,-86.1758,43.0,19.93
46,Mar Del Plata,75,AR,2021-03-28 16:54:40,77,-38.0023,-57.5575,68.0,13.8
47,San Patricio,90,US,2021-03-28 16:54:40,72,28.017,-97.5169,68.0,23.02
48,Salalah,0,OM,2021-03-28 16:54:41,61,17.0151,54.0924,84.2,2.3
49,Busselton,0,AU,2021-03-28 16:54:41,91,-33.65,115.3333,59.0,9.42
50,Nikolskoye,0,RU,2021-03-28 16:54:41,87,59.7035,30.7861,43.0,8.95
51,Miri,40,MY,2021-03-28 16:54:42,94,4.4148,114.0089,78.8,3.44
52,Huarmey,78,PE,2021-03-28 16:54:42,72,-10.0681,-78.1522,75.34,9.26
53,Arraial Do Cabo,20,BR,2021-03-28 16:54:42,74,-22.9661,-42.0278,86.0,12.66
54,Hermanus,100,ZA,2021-03-28 16:54:11,71,-34.4187,19.2345,68.0,5.99
55,Porto Novo,20,BJ,2021-03-28 16:51:10,70,6.4965,2.6036,86.0,12.66
56,Mataura,100,NZ,2021-03-28 16:54:43,97,-46.1927,168.8643,53.01,2.68
57,Fort Nelson,90,CA,2021-03-28 16:54:43,85,58.8053,-122.7002,12.2,20.71
58,New Norfolk,65,AU,2021-03-28 16:54:43,65,-42.7826,147.0587,55.0,1.99
59,Todos Santos,100,MX,2021-03-28 16:54:43,66,23.45,-110.2167,69.01,1.99
60,Ocos,1,GT,2021-03-28 16:54:44,51,14.5094,-92.1933,89.6,11.5
61,Leningradskiy,21,RU,2021-03-28 16:54:44,94,69.3833,178.4167,-19.57,3.22
62,Chapais,90,CA,2021-03-28 16:54:44,93,49.7834,-74.8492,30.2,9.22
63,Ancud,20,CL,2021-03-28 16:54:45,68,-41.8697,-73.8203,64.4,14.97
64,Chokurdakh,94,RU,2021-03-28 16:54:45,100,70.6333,147.9167,-16.96,4.18
65,Yurty,100,RU,2021-03-28 16:54:45,93,56.0498,97.6348,27.9,3.91
66,Narsaq,0,GL,2021-03-28 16:54:45,54,60.9167,-46.05,24.8,4.61
67,Kabalo,94,CD,2021-03-28 16:54:46,70,-6.05,26.9167,77.38,3.96
68,Havre-Saint-Pierre,90,CA,2021-03-28 16:54:46,59,50.2334,-63.5986,30.2,8.05
69,Jamestown,90,US,2021-03-28 16:50:43,93,42.097,-79.2353,52.0,8.28
70,Luderitz,4,NA,2021-03-28 16:54:47,79,-26.6481,15.1594,64.74,8.46
71,Springfield,1,US,2021-03-28 16:51:31,46,37.2153,-93.2982,53.01,14.97
72,Sorland,0,NO,2021-03-28 16:54:47,70,67.667,12.6934,41.0,18.41
73,Roald,75,NO,2021-03-28 16:54:47,76,62.5833,6.1333,44.6,14.97
74,Kapaa,90,US,2021-03-28 16:54:48,78,22.0752,-159.319,72.0,19.57
75,Castro,23,BR,2021-03-28 16:54:48,60,-24.7911,-50.0119,78.66,7.18
76,Boksitogorsk,82,RU,2021-03-28 16:54:48,67,59.474,33.8485,37.0,8.41
77,Manga,2,BF,2021-03-28 16:54:48,9,11.6636,-1.0731,98.78,9.82
78,Asyut,0,EG,2021-03-28 16:54:49,39,27.181,31.1837,66.2,17.27
79,Bathsheba,40,BB,2021-03-28 16:54:49,65,13.2167,-59.5167,78.8,17.27
80,Yellowknife,75,CA,2021-03-28 16:54:49,53,62.456,-114.3525,18.0,16.11
81,Paamiut,0,GL,2021-03-28 16:54:50,63,61.994,-49.6678,17.02,23.8
82,Georgetown,40,MY,2021-03-28 16:54:50,89,5.4112,100.3354,80.01,8.05
83,Hobart,90,AU,2021-03-28 16:54:50,50,-42.8794,147.3294,55.4,5.75
84,Pochutla,1,MX,2021-03-28 16:54:51,45,15.7432,-96.4661,91.0,11.5
85,Witu,1,KE,2021-03-28 16:54:51,74,-2.3889,40.4382,82.4,9.22
86,Warrnambool,44,AU,2021-03-28 16:54:51,93,-38.3833,142.4833,55.99,7.29
87,East London,20,ZA,2021-03-28 16:50:29,68,-33.0153,27.9116,64.4,6.91
88,Esperance,0,AU,2021-03-28 16:54:52,88,-33.8667,121.9,60.8,1.14
89,Qaanaaq,33,GL,2021-03-28 16:54:52,78,77.484,-69.3632,-14.66,2.86
90,Hasaki,75,JP,2021-03-28 16:54:52,100,35.7333,140.8333,61.0,16.11
91,Fairbanks,90,US,2021-03-28 16:54:53,78,64.8378,-147.7164,3.2,2.28
92,Bolobo,63,CD,2021-03-28 16:54:53,74,-2.1667,16.2333,79.63,6.2
93,Mwanza,20,TZ,2021-03-28 16:54:53,65,-2.5167,32.9,78.8,8.05
94,Canmore,49,CA,2021-03-28 16:54:37,70,51.0834,-115.3521,44.6,4.61
95,Norman Wells,75,CA,2021-03-28 16:54:53,71,65.282,-126.8329,-5.8,19.57
96,Port Lincoln,4,AU,2021-03-28 16:54:54,80,-34.7333,135.8667,60.64,7.85
97,Saint-Philippe,20,RE,2021-03-28 16:54:54,83,-21.3585,55.7679,80.6,4.61
98,Saldanha,100,ZA,2021-03-28 16:54:54,40,-33.0117,17.9442,73.4,14.97
99,Adrar,57,MR,2021-03-28 16:54:54,4,20.5022,-10.0711,97.45,9.86
100,Donduseni,100,MD,2021-03-28 16:54:55,79,48.2427,27.6101,39.61,20.8
101,Pitrufquen,0,CL,2021-03-28 16:54:55,60,-38.9833,-72.65,68.0,9.22
102,Biak,100,ID,2021-03-28 16:54:55,83,-0.9131,122.8766,76.53,2.28
103,Itarema,43,BR,2021-03-28 16:54:56,67,-2.9248,-39.9167,83.97,7.38
104,Severo-Kurilsk,52,RU,2021-03-28 16:54:56,77,50.6789,156.125,25.3,14.12
105,Tasiilaq,20,GL,2021-03-28 16:54:56,53,65.6145,-37.6368,21.2,9.22
106,Palmer,90,US,2021-03-28 16:54:56,100,42.1584,-72.3287,50.0,8.05
107,Acapulco,1,MX,2021-03-28 16:53:58,34,16.8634,-99.8901,84.2,2.3
108,Ngaoundere,51,CM,2021-03-28 16:54:57,21,7.3167,13.5833,79.97,7.2
109,Laurel,90,US,2021-03-28 16:54:57,100,39.0993,-76.8483,60.8,3.44
110,Dikson,39,RU,2021-03-28 16:54:57,100,73.5069,80.5464,-24.41,6.55
111,Saskylakh,98,RU,2021-03-28 16:54:58,99,71.9167,114.0833,-4.45,2.15
112,Avarua,75,CK,2021-03-28 16:54:58,78,-21.2078,-159.775,80.6,11.5
113,Lebanon,80,US,2021-03-28 16:52:30,58,36.2081,-86.2911,59.0,12.66
114,Plettenberg Bay,99,ZA,2021-03-28 16:54:58,80,-34.0527,23.3716,64.87,16.75
115,Raudeberg,100,NO,2021-03-28 16:54:59,86,61.9875,5.1352,44.01,21.25
116,Barrow,40,US,2021-03-28 16:54:59,98,71.2906,-156.7887,-29.2,9.22
117,Souillac,75,MU,2021-03-28 16:54:59,83,-20.5167,57.5167,80.6,3.44
118,Mount Pleasant,1,US,2021-03-28 16:50:06,73,32.7941,-79.8626,81.0,13.8
119,Balabac,89,PH,2021-03-28 16:55:00,78,7.9868,117.0645,81.01,4.59
120,Katsina,0,NG,2021-03-28 16:55:00,9,12.9894,7.6006,89.24,14.45
121,Methoni,20,GR,2021-03-28 16:55:00,59,36.8197,21.7049,60.8,10.36
122,Nisia Floresta,40,BR,2021-03-28 16:55:00,58,-6.0911,-35.2086,87.8,11.5
123,Monchegorsk,100,RU,2021-03-28 16:55:01,98,67.9397,32.8739,37.0,6.11
124,Cordoba,0,AR,2021-03-28 16:51:33,43,-31.4135,-64.1811,73.0,4.61
125,Benxi,0,CN,2021-03-28 16:55:01,56,41.2886,123.765,37.4,6.71
126,Kodiak,1,US,2021-03-28 16:55:01,32,57.79,-152.4072,35.6,8.05
127,Haverfordwest,100,GB,2021-03-28 16:55:02,95,51.8017,-4.9691,51.01,30.0
128,Vitina,40,BA,2021-03-28 16:55:02,55,43.2375,17.4839,64.4,5.75
129,Clyde River,1,CA,2021-03-28 16:54:18,77,70.4692,-68.5914,-5.8,5.75
130,Bac Lieu,37,VN,2021-03-28 16:55:02,81,9.285,105.7244,80.24,9.86
131,Beringovskiy,100,RU,2021-03-28 16:55:03,94,63.05,179.3167,10.49,16.22
132,Hithadhoo,100,MV,2021-03-28 16:55:03,78,-0.6,73.0833,82.51,21.05
133,Nanortalik,26,GL,2021-03-28 16:55:04,73,60.1432,-45.2371,26.44,10.13
134,Romitan,90,UZ,2021-03-28 16:55:04,76,39.9343,64.3814,48.2,18.41
135,Iqaluit,90,CA,2021-03-28 16:52:40,67,63.7506,-68.5145,12.2,14.97
136,Port Elizabeth,0,ZA,2021-03-28 16:55:04,72,-33.918,25.5701,64.4,12.66
137,Brainerd,1,US,2021-03-28 16:52:07,51,46.358,-94.2008,35.01,5.75
138,Alghero,0,IT,2021-03-28 16:55:05,55,40.5589,8.3181,66.2,9.22
139,Biltine,72,TD,2021-03-28 16:55:05,13,14.5333,20.9167,84.74,16.49
140,Nizwa,98,OM,2021-03-28 16:55:05,9,22.9333,57.5333,85.66,6.91
141,Alice Springs,49,AU,2021-03-28 16:55:05,68,-23.7,133.8833,69.8,6.91
142,Cherskiy,100,RU,2021-03-28 16:55:06,91,68.75,161.3,-9.47,1.14
143,Buenos Aires,40,AR,2021-03-28 16:50:36,78,-34.6132,-58.3772,77.0,4.61
144,Walvis Bay,25,NA,2021-03-28 16:55:06,64,-22.9575,14.5053,68.0,8.05
145,Villarrica,100,PY,2021-03-28 16:55:06,78,-25.75,-56.4333,73.24,3.36
146,Ribeira Grande,40,PT,2021-03-28 16:55:07,72,38.5167,-28.7,62.6,14.97
147,Martaban,81,MM,2021-03-28 16:55:07,70,16.5314,97.6111,82.06,5.64
148,Yangambi,69,CD,2021-03-28 16:55:07,56,0.8102,24.4336,80.71,1.95
149,Stalowa Wola,74,PL,2021-03-28 16:55:08,46,50.5829,22.0533,48.0,1.99
150,Mahebourg,75,MU,2021-03-28 16:55:08,83,-20.4081,57.7,80.6,3.44
151,Chuy,72,UY,2021-03-28 16:55:08,75,-33.6971,-53.4616,72.3,8.43
152,Minab,98,IR,2021-03-28 16:55:09,65,27.1467,57.0801,80.6,11.5
153,La Ronge,100,CA,2021-03-28 16:55:09,86,55.1001,-105.2842,28.4,12.66
154,Bad Wurzach,0,DE,2021-03-28 16:55:09,30,47.9,9.9,57.2,13.8
155,Lorengau,94,PG,2021-03-28 16:55:09,80,-2.0226,147.2712,80.8,9.1
156,Sidney,20,AU,2021-03-28 16:52:25,82,-33.8679,151.2073,64.4,5.75
157,Vila Franca Do Campo,20,PT,2021-03-28 16:55:10,72,37.7167,-25.4333,60.8,9.22
158,Tiksi,100,RU,2021-03-28 16:55:10,99,71.6872,128.8694,2.26,1.21
159,Porto De Moz,84,BR,2021-03-28 16:55:11,67,-1.7483,-52.2383,83.91,2.71
160,Ketchikan,75,US,2021-03-28 16:55:11,86,55.3422,-131.6461,33.8,10.36
161,Standerton,78,ZA,2021-03-28 16:55:11,74,-26.9337,29.2415,62.01,5.01
162,Santa Cruz,40,BO,2021-03-28 16:53:24,57,-17.8,-63.1667,77.0,16.11
163,Kudahuvadhoo,98,MV,2021-03-28 16:55:11,79,2.6708,72.8944,80.83,13.27
164,Maxixe,20,MZ,2021-03-28 16:55:12,69,-23.8597,35.3472,78.8,11.5
165,College,75,US,2021-03-28 16:55:12,72,64.8569,-147.8028,3.2,2.28
166,Buala,62,SB,2021-03-28 16:55:12,82,-8.145,159.5921,80.29,8.1
167,Isangel,5,VU,2021-03-28 16:55:13,87,-19.55,169.2667,76.73,6.06
168,Morros,92,BR,2021-03-28 16:55:13,48,-9.4467,-46.3003,88.34,1.39
169,Senekal,17,ZA,2021-03-28 16:55:13,37,-28.3197,27.6208,65.3,4.94
170,Matagami,90,CA,2021-03-28 16:55:14,100,49.7502,-77.6328,32.0,4.61
171,Mingyue,100,CN,2021-03-28 16:55:14,93,43.1069,128.9217,39.07,3.69
172,Ngunguru,100,NZ,2021-03-28 16:55:14,96,-35.6167,174.5,64.99,7.0
173,Quatre Cocos,75,MU,2021-03-28 16:55:14,83,-20.2078,57.7625,80.6,3.44
174,Ternate,100,ID,2021-03-28 16:55:15,92,0.8,127.4,76.98,9.13
175,Aasiaat,18,GL,2021-03-28 16:55:15,71,68.7098,-52.8699,-16.11,11.88
176,Mopti,1,ML,2021-03-28 16:55:16,6,14.6667,-4.0,100.08,9.31
177,Kollegal,20,IN,2021-03-28 16:55:16,57,12.15,77.1167,80.6,9.22
178,Pangody,78,RU,2021-03-28 16:55:16,99,65.85,74.4859,-5.22,8.99
179,Elbrus,100,RU,2021-03-28 16:55:17,97,43.2577,42.6443,20.25,2.15
180,Paita,0,PE,2021-03-28 16:55:17,45,-5.0892,-81.1144,87.8,14.97
181,Cabo San Lucas,75,MX,2021-03-28 16:54:18,59,22.8909,-109.9124,80.01,4.25
182,Olafsvik,100,IS,2021-03-28 16:55:17,86,64.8945,-23.7142,30.0,21.83
183,Kalmunai,93,LK,2021-03-28 16:55:17,77,7.4167,81.8167,78.89,5.86
184,Ixtapa,40,MX,2021-03-28 16:55:18,60,20.7,-105.2,73.4,6.26
185,Bilma,0,NE,2021-03-28 16:55:18,10,18.6853,12.9164,81.01,7.0
186,Beidao,100,CN,2021-03-28 16:55:18,61,34.5686,105.8933,58.44,7.9
187,Khatanga,98,RU,2021-03-28 16:55:19,98,71.9667,102.5,-2.33,6.64
188,Sao Filipe,4,CV,2021-03-28 16:55:19,71,14.8961,-24.4956,70.45,16.64
189,Mogadishu,85,SO,2021-03-28 16:55:19,85,2.0371,45.3438,80.74,15.03
190,Port Blair,97,IN,2021-03-28 16:55:20,75,11.6667,92.75,82.15,2.71
191,Nioro,0,GM,2021-03-28 16:55:20,6,13.35,-15.75,105.17,7.74
192,Kloulklubed,90,PW,2021-03-28 16:55:20,94,7.0419,134.2556,78.8,4.61
193,Skibbereen,90,IE,2021-03-28 16:55:20,100,51.55,-9.2667,51.8,29.93
194,Shenkursk,73,RU,2021-03-28 16:55:21,80,62.1091,42.896,33.37,8.25
195,Port Alfred,99,ZA,2021-03-28 16:55:21,68,-33.5906,26.891,66.49,17.9
196,Selkirk,88,CA,2021-03-28 16:55:21,44,50.1436,-96.8845,36.0,2.3
197,Maragogi,65,BR,2021-03-28 16:55:22,69,-9.0122,-35.2225,82.72,7.99
198,Chateaubelair,75,VC,2021-03-28 16:55:22,74,13.2833,-61.25,84.2,14.97
199,Gornopravdinsk,91,RU,2021-03-28 16:55:22,96,60.05,69.9,13.42,2.86
200,Mahibadhoo,100,MV,2021-03-28 16:55:22,73,3.7833,72.9667,81.79,10.42
201,Rogers,1,US,2021-03-28 16:55:23,32,36.3668,-95.5836,60.01,6.91
202,Flers,0,FR,2021-03-28 16:55:23,55,48.7372,-0.5747,59.0,12.66
203,Constitucion,0,CL,2021-03-28 16:55:23,41,-35.3333,-72.4167,69.49,4.9
204,Marsh Harbour,48,BS,2021-03-28 16:55:23,70,26.5412,-77.0636,77.58,14.72
205,Pisco,0,PE,2021-03-28 16:55:24,73,-13.7,-76.2167,71.6,8.05
206,Maloy,75,NO,2021-03-28 16:55:24,87,61.9353,5.1136,44.6,17.27
207,Marakkanam,77,IN,2021-03-28 16:55:24,77,12.2,79.95,82.2,12.21
208,Ivybridge,98,GB,2021-03-28 16:55:25,86,50.3904,-3.9191,52.0,8.01
209,Te Anau,80,NZ,2021-03-28 16:55:25,93,-45.4167,167.7167,54.59,3.62
210,Lazaro Cardenas,21,MX,2021-03-28 16:55:25,46,17.9583,-102.2,82.38,6.87
211,Padang,40,ID,2021-03-28 16:55:26,94,-0.9492,100.3543,75.2,5.75
212,Rapid Valley,40,US,2021-03-28 16:51:50,43,44.0625,-103.1463,61.0,10.36
213,Nioki,96,CD,2021-03-28 16:55:26,68,-2.7167,17.6833,81.03,2.48
214,Varna,20,BG,2021-03-28 16:55:26,62,43.2167,27.9167,53.6,2.3
215,Jacareacanga,54,BR,2021-03-28 16:55:27,46,-6.2222,-57.7528,92.16,4.16
216,Shimoda,100,JP,2021-03-28 16:55:27,94,34.6667,138.95,59.0,1.99
217,Savona,68,IT,2021-03-28 16:55:27,99,44.3,8.2667,60.01,2.73
218,Northam,100,GB,2021-03-28 16:55:28,86,51.0333,-4.2167,54.0,8.99
219,Praya,20,CV,2021-03-28 16:55:28,60,14.9215,-23.5087,73.4,27.63
220,Kirakira,21,SB,2021-03-28 16:55:28,82,-10.4544,161.9205,80.02,6.78
221,San Benito,0,US,2021-03-28 16:55:28,30,36.6166,-121.0844,64.0,1.99
222,Mitsamiouli,36,KM,2021-03-28 16:55:29,68,-11.3847,43.2844,83.82,4.76
223,Mizdah,96,LY,2021-03-28 16:55:29,15,31.4451,12.9801,69.37,6.35
224,Avera,40,US,2021-03-28 16:55:29,65,33.194,-82.5271,78.01,19.57
225,Azle,20,US,2021-03-28 16:55:30,36,32.8951,-97.5459,66.0,13.8
226,Bouca,75,CF,2021-03-28 16:55:30,42,6.5105,18.2733,85.42,1.72
227,Shelburne,97,CA,2021-03-28 16:55:30,100,44.0787,-80.2041,46.0,19.39
228,Honiara,43,SB,2021-03-28 16:55:30,88,-9.4333,159.95,76.51,5.32
229,Sudak,44,UA,2021-03-28 16:55:31,70,44.85,34.9667,47.3,4.59
230,Togur,100,RU,2021-03-28 16:55:31,98,58.3631,82.8265,29.71,4.25
231,Davila,19,PH,2021-03-28 16:55:31,83,18.4726,120.5763,77.68,4.74
232,Florianopolis,75,BR,2021-03-28 16:55:31,65,-27.6146,-48.5012,84.99,11.5
233,Kruisfontein,100,ZA,2021-03-28 16:55:32,72,-34.0033,24.7314,64.0,4.0
234,Husavik,75,IS,2021-03-28 16:55:32,86,66.0449,-17.3389,30.2,11.5
235,Hamilton,96,US,2021-03-28 16:55:23,65,39.1834,-84.5333,50.0,7.0
236,Stromness,90,GB,2021-03-28 16:55:32,76,58.965,-3.296,46.4,19.57
237,Richards Bay,91,ZA,2021-03-28 16:55:33,72,-28.783,32.0377,69.22,9.6
238,Komsomolskiy,90,UZ,2021-03-28 16:55:33,87,40.4272,71.7189,53.6,6.91
239,Bubaque,10,GW,2021-03-28 16:55:33,64,11.2833,-15.8333,77.41,11.48
240,Khani,0,GE,2021-03-28 16:55:33,65,41.9563,42.9566,42.8,4.61
241,Denpasar,75,ID,2021-03-28 16:51:34,94,-8.65,115.2167,77.0,4.61
242,Torbay,75,CA,2021-03-28 16:55:34,80,47.6666,-52.7314,28.99,13.8
243,Jagdalpur,0,IN,2021-03-28 16:55:34,16,19.0667,82.0333,75.81,3.18
244,The Pas,90,CA,2021-03-28 16:55:35,68,53.8251,-101.2541,23.0,16.11
245,San Rafael Del Sur,40,NI,2021-03-28 16:55:35,62,11.8485,-86.4384,86.0,20.71
246,Ormara,5,PK,2021-03-28 16:55:35,78,25.2088,64.6357,79.02,12.59
247,Kununurra,99,AU,2021-03-28 16:55:35,94,-15.7667,128.7333,77.0,3.65
248,Samarai,57,PG,2021-03-28 16:55:36,79,-10.6167,150.6667,82.11,11.54
249,Half Moon Bay,1,US,2021-03-28 16:52:22,76,37.4636,-122.4286,62.01,2.75
250,Caravelas,0,BR,2021-03-28 16:55:36,53,-17.7125,-39.2481,86.86,11.79
251,Santa Isabel Do Rio Negro,78,BR,2021-03-28 16:55:36,75,-0.4139,-65.0192,83.25,2.89
252,Vzmorye,0,RU,2021-03-28 16:55:37,57,54.6961,20.2361,44.6,6.71
253,Laguna,1,US,2021-03-28 16:55:37,51,38.421,-121.4238,64.0,3.44
254,Henties Bay,5,NA,2021-03-28 16:55:37,85,-22.116,14.2845,64.0,5.99
255,Petersburg,75,US,2021-03-28 16:55:37,60,37.2279,-77.4019,75.99,14.97
256,Madingou,99,CG,2021-03-28 16:55:38,87,-4.1536,13.55,77.65,3.15
257,Coquimbo,90,CL,2021-03-28 16:52:14,77,-29.9533,-71.3436,60.8,8.05
258,Talnakh,51,RU,2021-03-28 16:55:38,95,69.4865,88.3972,-10.84,2.89
259,Mulege,2,MX,2021-03-28 16:55:38,26,26.8833,-111.9833,75.36,17.07
260,San Clemente,0,US,2021-03-28 16:55:39,50,33.427,-117.612,68.0,1.01
261,Jalu,15,LY,2021-03-28 16:55:39,27,29.0331,21.5482,65.55,9.46
262,Araouane,0,ML,2021-03-28 16:55:39,4,18.9048,-3.5265,92.88,11.39
263,Evensk,58,RU,2021-03-28 16:55:40,88,61.95,159.2333,-10.68,3.33
264,Berdigestyakh,87,RU,2021-03-28 16:55:40,100,62.0989,126.6992,-2.2,2.39
265,Wum,69,CM,2021-03-28 16:55:40,35,6.3833,10.0667,79.88,3.09
266,Kesova Gora,80,RU,2021-03-28 16:55:40,98,57.5836,37.2922,26.28,3.87
267,Egvekinot,100,RU,2021-03-28 16:55:41,92,66.3167,-179.1667,5.65,11.97
268,The Valley,40,AI,2021-03-28 16:55:41,74,18.217,-63.0578,82.4,16.11
269,Bolhrad,0,UA,2021-03-28 16:55:41,51,45.6826,28.6149,57.2,3.44
270,Riberalta,75,BO,2021-03-28 16:55:42,70,-10.9833,-66.1,86.0,2.35
271,Ambilobe,77,MG,2021-03-28 16:55:42,90,-13.2,49.05,77.29,0.78
272,Maningrida,100,AU,2021-03-28 16:55:42,95,-12.0667,134.2667,76.24,8.55
273,Callaway,20,US,2021-03-28 16:55:43,78,30.153,-85.5699,79.0,12.66
274,Bahia Blanca,0,AR,2021-03-28 16:55:43,34,-38.7196,-62.2724,71.15,4.99
275,General Roca,0,AR,2021-03-28 16:55:43,20,-39.0333,-67.5833,75.2,8.05
276,Kaitangata,100,NZ,2021-03-28 16:55:44,97,-46.2817,169.8464,52.74,2.62
277,Bethanien,5,NA,2021-03-28 16:55:44,19,-26.502,17.1583,83.44,9.24
278,Atikokan,53,CA,2021-03-28 16:55:44,57,48.7555,-91.6216,29.73,9.04
279,Vardo,40,NO,2021-03-28 16:55:45,75,70.3705,31.1107,35.6,6.91
280,Nago,40,JP,2021-03-28 16:55:45,88,26.5881,127.9761,71.6,3.4
281,Touros,40,BR,2021-03-28 16:55:45,66,-5.1989,-35.4608,87.8,12.66
282,Marystown,36,CA,2021-03-28 16:55:45,63,47.1666,-55.1483,28.35,5.48
283,Euclides Da Cunha,34,BR,2021-03-28 16:55:46,24,-10.5075,-39.0158,94.64,5.79
284,Banda Aceh,100,ID,2021-03-28 16:55:46,85,5.5577,95.3222,77.38,6.51
285,Acajutla,20,SV,2021-03-28 16:55:46,51,13.5928,-89.8275,82.4,2.3
286,Suez,0,EG,2021-03-28 16:55:47,49,29.9737,32.5263,58.89,16.64
287,Doctor Juan Manuel Frutos,100,PY,2021-03-28 16:55:47,81,-25.3667,-55.8,73.45,1.74
288,Freeport,90,US,2021-03-28 16:53:40,94,40.6576,-73.5832,54.0,10.36
289,Ostrovnoy,100,RU,2021-03-28 16:55:47,98,68.0531,39.5131,35.26,16.2
290,Artyom,0,AZ,2021-03-28 16:55:48,87,40.4723,50.333,46.4,4.61
291,Shiozawa,100,JP,2021-03-28 16:55:48,98,37.0333,138.85,54.0,1.01
292,Karasuk,100,RU,2021-03-28 16:51:21,92,53.7377,78.0403,31.37,9.46
293,Sobolevo,89,RU,2021-03-28 16:55:48,95,54.4299,31.8996,34.93,10.16
294,Martapura,90,ID,2021-03-28 16:52:19,94,-3.4167,114.85,78.8,2.3
295,Ust-Maya,73,RU,2021-03-28 16:55:49,99,60.4167,134.5333,-1.12,1.23
296,San Carlos De Bariloche,0,AR,2021-03-28 16:55:49,27,-41.1456,-71.3082,75.0,3.44
297,Usinsk,100,RU,2021-03-28 16:55:49,96,65.9939,57.5281,23.18,7.43
298,Bengkulu,97,ID,2021-03-28 16:55:50,90,-3.8004,102.2655,77.77,3.65
299,Bonavista,100,CA,2021-03-28 16:55:50,55,48.6499,-53.1147,30.2,3.44
300,Kyshtovka,100,RU,2021-03-28 16:55:50,98,56.555,76.6271,29.37,2.68
301,Lompoc,0,US,2021-03-28 16:52:01,71,34.6391,-120.4579,64.99,5.75
302,Kwekwe,29,ZW,2021-03-28 16:55:51,55,-18.9281,29.8149,68.43,11.16
303,Sitka,20,US,2021-03-28 16:55:51,75,57.0531,-135.33,35.6,10.36
304,Kavieng,83,PG,2021-03-28 16:55:51,76,-2.5744,150.7967,82.62,13.73
305,Guerrero Negro,0,MX,2021-03-28 16:55:51,24,27.9769,-114.0611,73.44,3.06
306,Provideniya,100,RU,2021-03-28 16:55:52,95,64.3833,-173.3,3.4,23.38
307,Talara,0,PE,2021-03-28 16:51:08,45,-4.5772,-81.2719,87.8,14.97
308,Kahului,40,US,2021-03-28 16:54:16,83,20.8947,-156.47,69.8,11.5
309,Port Hardy,90,CA,2021-03-28 16:55:52,87,50.6996,-127.4199,41.0,4.61
310,Mana,91,GF,2021-03-28 16:55:53,76,5.6592,-53.7767,81.77,14.36
311,Poum,14,NC,2021-03-28 16:55:53,78,-20.2333,164.0167,79.66,9.33
312,Quito,75,EC,2021-03-28 16:55:53,59,-0.2299,-78.5249,66.2,4.61
313,Illapel,0,CL,2021-03-28 16:55:53,34,-31.6308,-71.1653,78.31,7.49
314,Karacabey,0,TR,2021-03-28 16:55:54,51,40.2152,28.4038,57.2,2.3
315,Buraydah,0,SA,2021-03-28 16:55:54,26,26.326,43.975,66.2,11.5
316,Clarence Town,75,AU,2021-03-28 16:55:54,94,-32.5833,151.7833,64.4,0.92
317,Podor,0,MR,2021-03-28 16:55:54,14,16.6527,-14.9587,102.2,2.3
318,Ilulissat,7,GL,2021-03-28 16:55:55,41,69.2167,-51.1,-5.8,4.59
319,Dodge City,1,US,2021-03-28 16:55:55,43,37.7528,-100.0171,61.0,8.05
320,Iralaya,75,HN,2021-03-28 16:55:55,78,15.0,-83.2333,82.4,11.5
321,Ayolas,18,PY,2021-03-28 16:55:56,57,-27.4,-56.9,75.72,6.15
322,Mae Sai,20,TH,2021-03-28 16:55:56,73,20.4335,99.8762,78.01,3.44
323,Los Llanos De Aridane,40,ES,2021-03-28 16:55:56,53,28.6585,-17.9182,71.6,4.61
324,Port Hawkesbury,90,CA,2021-03-28 16:55:56,69,45.6169,-61.3485,35.01,11.5
325,Betioky,13,MG,2021-03-28 16:55:57,89,-23.7167,44.3833,70.36,6.73
326,Lebu,5,CL,2021-03-28 16:55:57,66,-37.6167,-73.65,63.7,15.61
327,Hirara,11,JP,2021-03-28 16:55:57,87,24.8,125.2833,74.07,1.41
328,Fortuna,90,US,2021-03-28 16:55:57,100,40.5982,-124.1573,44.6,3.56
329,Amapa,81,BR,2021-03-28 16:55:58,92,1.0,-52.0,78.6,4.36
330,Pandamatenga,40,BW,2021-03-28 16:55:58,43,-18.5278,25.627,73.44,6.15
331,Svetlogorsk,100,BY,2021-03-28 16:55:58,91,52.6333,29.7333,40.5,11.05
332,Bentiu,0,SS,2021-03-28 16:55:59,12,9.2333,29.8333,91.13,4.72
333,Verkhnyaya Inta,30,RU,2021-03-28 16:55:59,99,65.9811,60.3094,0.82,4.56
334,Grand-Santi,89,GF,2021-03-28 16:55:59,92,4.25,-54.3833,79.48,5.55
335,Khasan,79,RU,2021-03-28 16:56:00,92,42.4308,130.6434,41.02,2.82
336,Leopold,90,AU,2021-03-28 16:56:00,82,-38.1833,144.4667,59.0,9.22
337,Birao,1,CF,2021-03-28 16:56:00,12,10.2849,22.7882,88.75,6.49
338,Naliya,50,IN,2021-03-28 16:56:00,73,23.2667,68.8333,78.66,11.97
339,Neuquen,0,AR,2021-03-28 16:56:01,20,-38.9516,-68.0591,75.2,8.05
340,Praia Da Vitoria,20,PT,2021-03-28 16:56:01,77,38.7333,-27.0667,64.4,15.95
341,Puerto Escondido,1,MX,2021-03-28 16:56:01,79,15.85,-97.0667,86.0,3.44
342,Salvador,40,SV,2021-03-28 16:56:02,48,13.8333,-88.9167,89.6,6.91
343,Sambava,63,MG,2021-03-28 16:54:17,86,-14.2667,50.1667,79.36,6.42
344,Neiafu,40,TO,2021-03-28 16:56:02,83,-18.65,-173.9833,80.6,6.91
345,Upernavik,85,GL,2021-03-28 16:56:02,75,72.7868,-56.1549,-16.33,3.78
346,Ugoofaaru,99,MV,2021-03-28 16:56:03,68,5.6667,73.0,84.61,12.03
347,Lundazi,63,ZM,2021-03-28 16:56:03,92,-12.2929,33.1782,65.39,3.53
348,Airai,100,TL,2021-03-28 16:56:03,94,-8.9266,125.4092,59.95,1.72
349,Numaran,41,MX,2021-03-28 16:56:04,12,20.25,-101.9333,84.65,2.77
350,Lavrentiya,100,RU,2021-03-28 16:56:04,96,65.5833,-171.0,2.35,15.46
351,Broken Hill,1,AU,2021-03-28 16:56:04,51,-31.95,141.4333,60.8,8.05
352,Dubbo,23,AU,2021-03-28 16:56:05,87,-32.25,148.6167,50.0,5.75
353,Worland,1,US,2021-03-28 16:56:05,56,44.0169,-107.9554,54.0,6.85
354,Murovane,79,UA,2021-03-28 16:56:05,55,49.5214,22.9367,43.0,4.7
355,Ust-Nera,97,RU,2021-03-28 16:56:06,99,64.5667,143.2,-4.32,3.65
356,Broome,90,US,2021-03-28 16:56:06,93,42.2506,-75.833,55.0,13.8
357,Katsuura,75,JP,2021-03-28 16:56:06,94,35.1333,140.3,62.6,13.8
358,Vestmannaeyjar,40,IS,2021-03-28 16:56:06,86,63.4427,-20.2734,32.0,4.61
359,La Romana,20,DO,2021-03-28 16:56:07,65,18.4273,-68.9728,82.4,19.57
360,Bafoulabe,0,ML,2021-03-28 16:56:07,6,13.8065,-10.8321,106.09,3.49
361,Chingirlau,100,KZ,2021-03-28 16:56:07,96,51.095,54.0814,32.5,12.46
362,Sioux Lookout,75,CA,2021-03-28 16:56:07,50,50.1001,-91.917,26.6,9.22
363,Pirawa,0,IN,2021-03-28 16:56:08,12,24.1551,76.0273,88.54,5.75
364,Noumea,40,NC,2021-03-28 16:55:50,88,-22.2763,166.4572,80.01,1.14
365,Bambanglipuro,84,ID,2021-03-28 16:56:08,88,-7.95,110.2833,77.34,3.8
366,Vila Velha,20,BR,2021-03-28 16:56:08,58,-20.3297,-40.2925,90.0,10.36
367,Dudinka,30,RU,2021-03-28 16:56:09,99,69.4058,86.1778,-8.12,8.5
368,La Brea,20,HN,2021-03-28 16:56:09,54,15.8,-85.9667,86.0,5.75
369,Chipiona,0,ES,2021-03-28 16:56:09,59,36.7366,-6.437,68.0,20.71
370,Bilibino,31,RU,2021-03-28 16:56:10,95,68.0546,166.4372,-25.55,3.8
371,Cidreira,87,BR,2021-03-28 16:56:10,74,-30.1811,-50.2056,76.6,9.57
372,Tazovskiy,53,RU,2021-03-28 16:56:10,99,67.4667,78.7,-8.36,8.12
373,Belmonte,20,BR,2021-03-28 16:56:10,62,-15.8631,-38.8828,86.0,17.27
374,Kharitonovo,35,RU,2021-03-28 16:56:11,93,61.4009,47.4978,29.03,5.77
375,Saint-Pierre,20,RE,2021-03-28 16:56:11,83,-21.3393,55.4781,78.8,4.61
376,Batagay-Alyta,98,RU,2021-03-28 16:56:11,86,67.8006,130.4114,-3.6,4.9
377,Lagos,40,NG,2021-03-28 16:56:12,66,6.5833,3.75,89.6,4.61
378,Mae Sot,100,TH,2021-03-28 16:56:12,68,16.7167,98.5667,79.18,1.97
379,Citta Di Castello,20,IT,2021-03-28 16:56:12,62,43.4691,12.2305,66.2,5.75
380,Chieti,75,IT,2021-03-28 16:56:13,82,42.3609,14.138,59.0,6.91
381,Mikun,81,RU,2021-03-28 16:56:13,92,62.3547,50.0771,30.38,7.94
382,Hualmay,72,PE,2021-03-28 16:56:13,71,-11.0964,-77.6139,75.38,9.93
383,Altamont,1,US,2021-03-28 16:56:14,60,42.2068,-121.7372,50.0,3.44
384,Grajau,72,BR,2021-03-28 16:56:14,70,-5.8194,-46.1386,85.57,4.34
385,Ahipara,98,NZ,2021-03-28 16:56:14,94,-35.1667,173.1667,65.57,6.73
386,Beloha,38,MG,2021-03-28 16:56:15,81,-25.1667,45.05,72.19,4.68
387,Sunrise Manor,1,US,2021-03-28 16:56:15,26,36.2111,-115.0731,66.99,3.09
388,Senno,80,RU,2021-03-28 16:56:15,67,59.5336,33.9167,37.0,8.3
389,Tiznit,48,MA,2021-03-28 16:54:44,32,29.5833,-9.5,72.55,11.61
390,Socorro,1,US,2021-03-28 16:56:16,35,31.6546,-106.3033,62.01,6.91
391,Rawson,83,AR,2021-03-28 16:51:29,43,-43.3002,-65.1023,69.96,11.03
392,Chicama,85,PE,2021-03-28 16:56:16,83,-7.8447,-79.1469,71.6,10.36
393,Kingaroy,100,AU,2021-03-28 16:56:16,88,-26.5333,151.8333,64.99,3.44
394,Asau,85,RO,2021-03-28 16:56:17,53,46.4333,26.4,41.0,2.01
395,Hongjiang,34,CN,2021-03-28 16:56:17,92,27.11,109.9956,67.75,2.8
396,Boralday,90,KZ,2021-03-28 16:56:17,81,43.3578,76.8594,46.4,2.24
397,Wanning,57,CN,2021-03-28 16:56:18,96,18.8003,110.3967,74.12,7.45
398,Kankan,67,GN,2021-03-28 16:56:18,19,10.3854,-9.3057,100.51,3.85
399,Mudanjiang,100,CN,2021-03-28 16:56:18,98,44.5833,129.6,39.9,3.71
400,Aklavik,40,CA,2021-03-28 16:56:18,59,68.2191,-135.0107,-9.4,8.05
401,Rudbar,53,AF,2021-03-28 16:56:19,16,30.15,62.6,80.24,21.94
402,Oranjemund,4,NA,2021-03-28 16:56:19,82,-28.55,16.4333,63.27,6.38
403,Ibotirama,60,BR,2021-03-28 16:56:19,18,-12.1853,-43.2206,99.3,4.99
404,Taltal,1,CL,2021-03-28 16:56:20,68,-25.4,-70.4833,68.52,6.64
405,Evanston,90,US,2021-03-28 16:56:20,60,42.0411,-87.6901,43.0,20.71
406,San Cristobal,75,VE,2021-03-28 16:56:20,57,7.7669,-72.225,82.4,11.5
407,Sanandaj,0,IR,2021-03-28 16:56:21,26,35.3144,46.9923,48.02,3.11
408,Ambon,40,ID,2021-03-28 16:56:21,94,-3.6954,128.1814,77.0,5.75
409,Iskitim,98,RU,2021-03-28 16:56:21,86,54.6366,83.3045,32.0,4.47
410,Kautokeino,85,NO,2021-03-28 16:56:22,99,69.0125,23.0412,23.31,8.55
411,Vanavara,82,RU,2021-03-28 16:56:22,99,60.34,102.2797,7.14,2.13
412,Grand Gaube,11,MU,2021-03-28 16:56:22,78,-20.0064,57.6608,79.0,1.63
413,Ler,4,SS,2021-03-28 16:56:22,14,8.3018,30.1418,91.2,4.61
414,Pingzhuang,0,CN,2021-03-28 16:56:23,25,42.0372,119.2889,40.53,13.27
415,Pemangkat,78,ID,2021-03-28 16:56:23,84,1.1667,108.9667,78.69,5.26
416,Merauke,100,ID,2021-03-28 16:56:23,86,-8.4667,140.3333,79.99,11.43
417,Lagoa,100,PT,2021-03-28 16:56:24,83,39.05,-27.9833,59.16,20.65
418,Taybad,100,IR,2021-03-28 16:56:24,76,34.74,60.7756,44.46,24.23
419,Kesan,20,TR,2021-03-28 16:56:24,67,40.8558,26.6303,57.2,12.66
420,Oranjestad,20,AW,2021-03-28 16:56:25,62,12.524,-70.027,86.0,25.32
421,Gympie,98,AU,2021-03-28 16:56:25,95,-26.1898,152.665,64.0,2.48
422,Mount Gambier,75,AU,2021-03-28 16:56:25,94,-37.8333,140.7667,55.4,5.75
423,Shache,100,CN,2021-03-28 16:56:26,26,38.4167,77.2406,59.97,9.84
424,Eyl,47,SO,2021-03-28 16:56:26,74,7.9803,49.8164,79.41,10.47
425,Hargeysa,69,SO,2021-03-28 16:56:26,61,9.56,44.065,68.49,12.91
426,Alofi,10,NU,2021-03-28 16:56:26,94,-19.0595,-169.9187,78.8,6.91
427,Severnoye,100,RU,2021-03-28 16:56:27,95,56.3491,78.3619,26.35,2.51
428,Sipe Sipe,40,BO,2021-03-28 16:56:27,33,-17.45,-66.3833,75.2,4.61
429,Ravar,21,IR,2021-03-28 16:56:27,24,31.2656,56.8055,60.13,9.66
430,Adiake,20,CI,2021-03-28 16:56:28,74,5.2863,-3.304,86.0,14.97
431,Calama,0,CL,2021-03-28 16:56:28,15,-22.4667,-68.9333,75.2,17.27
432,Preobrazheniye,100,RU,2021-03-28 16:56:28,95,42.9019,133.9064,39.45,5.53
433,Marsa Matruh,20,EG,2021-03-28 16:54:13,55,31.3525,27.2453,60.8,11.5
434,Marsabit,100,KE,2021-03-28 16:56:29,41,2.3284,37.9899,73.33,8.43
435,Guinabsan,98,PH,2021-03-28 16:56:29,94,8.8975,125.4161,73.72,2.57
436,Paracin,0,RS,2021-03-28 16:56:29,41,43.8608,21.4078,55.4,4.61
437,Victoria,3,HK,2021-03-28 16:52:08,88,22.2855,114.1577,77.0,6.78
438,Urengoy,79,RU,2021-03-28 16:56:30,99,65.9667,78.3667,-2.7,8.57
439,Assiniboia,97,CA,2021-03-28 16:56:30,43,49.6334,-105.9845,48.2,18.41
440,Giyon,91,ET,2021-03-28 16:56:30,31,8.5333,37.9833,68.04,0.96
441,Chimbarongo,0,CL,2021-03-28 16:56:31,40,-34.7,-71.05,71.6,3.44
442,Bundaberg,98,AU,2021-03-28 16:56:31,88,-24.85,152.35,73.0,6.91
443,Japura,78,ID,2021-03-28 16:56:31,98,-0.3167,102.35,74.48,2.39
444,Basco,17,PH,2021-03-28 16:56:32,81,20.4487,121.9702,78.89,8.57
445,Hay River,100,CA,2021-03-28 16:56:32,86,60.8156,-115.7999,17.6,16.11
446,Parrita,20,CR,2021-03-28 16:56:32,56,9.5201,-84.3225,79.0,17.27
447,Luau,98,AO,2021-03-28 16:56:33,92,-10.7073,22.2247,67.55,1.99
448,San Ramon,1,US,2021-03-28 16:55:50,50,37.7799,-121.978,64.99,0.94
449,Vilhena,75,BR,2021-03-28 16:56:33,65,-12.7406,-60.1458,84.2,12.66
450,Nauen,100,DE,2021-03-28 16:56:34,56,52.607,12.8737,53.01,4.0
451,Kohlu,0,PK,2021-03-28 16:56:34,20,29.8962,69.252,76.96,4.79
452,Ojinaga,1,MX,2021-03-28 16:56:34,26,29.5667,-104.4167,66.2,14.97
453,Fayaoue,0,NC,2021-03-28 16:56:35,77,-20.65,166.5333,79.92,14.58
454,Portland,75,US,2021-03-28 16:55:03,71,45.5234,-122.6762,48.99,6.91
455,Ozu,1,JP,2021-03-28 16:56:35,90,33.5,132.55,53.01,1.01
456,Buchanan,75,LR,2021-03-28 16:56:36,79,5.8808,-10.0467,84.2,13.8
457,Penzance,75,GB,2021-03-28 16:56:36,87,50.1186,-5.5371,50.0,27.63
458,Chifeng,0,CN,2021-03-28 16:56:37,24,42.2683,118.9636,39.92,16.91
459,Anadyr,75,RU,2021-03-28 16:56:37,79,64.75,177.4833,15.8,17.9
460,Berezovyy,100,RU,2021-03-28 16:56:37,97,51.6667,135.7,29.84,3.38
461,Mokhotlong,44,LS,2021-03-28 16:56:38,66,-29.2894,29.0675,52.74,5.23
462,Narsipatnam,4,IN,2021-03-28 16:56:38,80,17.6667,82.6167,77.86,1.39
463,Whitehorse,40,CA,2021-03-28 16:56:38,45,60.7161,-135.0538,15.8,17.27
464,Iracoubo,96,GF,2021-03-28 16:56:39,81,5.4802,-53.2011,80.71,15.03
465,Camenca,100,MD,2021-03-28 16:56:39,91,48.0319,28.6978,37.0,17.76
466,Remanso,96,BR,2021-03-28 16:56:39,38,-9.6179,-42.0831,87.24,3.22
467,Flinders,58,AU,2021-03-28 16:56:40,85,-34.5833,150.8552,59.0,1.01
468,Orlik,88,RU,2021-03-28 16:56:40,86,52.5178,99.825,7.93,2.55
469,Kokopo,98,PG,2021-03-28 16:56:40,79,-4.352,152.2633,77.4,3.06
470,Toledo,59,ES,2021-03-28 16:56:41,25,39.8333,-4.0,72.0,17.65
471,Rundu,82,NA,2021-03-28 16:56:41,76,-17.9333,19.7667,69.37,3.98
472,Wichita Falls,1,US,2021-03-28 16:56:41,41,33.9137,-98.4934,64.0,8.63
473,Nemuro,100,JP,2021-03-28 16:56:42,96,43.3236,145.575,40.48,34.72
474,Klaksvik,75,FO,2021-03-28 16:56:42,87,62.2266,-6.589,39.2,24.16
475,Pascagoula,75,US,2021-03-28 16:56:42,74,30.3658,-88.5561,81.0,9.22
476,Bamboo,20,JM,2021-03-28 16:56:42,78,18.3922,-77.2643,87.01,18.41
477,Srednekolymsk,90,RU,2021-03-28 16:56:43,100,67.45,153.6833,-17.91,3.71
478,Matam,0,SN,2021-03-28 16:56:43,9,15.6175,-13.3303,113.0,4.61
479,Praia,20,CV,2021-03-28 16:55:28,60,14.9215,-23.5087,73.4,27.63
480,Bandarbeyla,74,SO,2021-03-28 16:56:43,71,9.4942,50.8122,79.79,7.36
481,Mount Isa,1,AU,2021-03-28 16:56:44,31,-20.7333,139.5,78.8,14.97
482,Francisco Beltrao,91,BR,2021-03-28 16:56:44,77,-26.0811,-53.055,76.84,6.42
483,Opuwo,87,NA,2021-03-28 16:56:44,52,-18.0607,13.84,77.25,2.39
484,Taguatinga,77,BR,2021-03-28 16:56:45,24,-12.3857,-46.5711,94.87,3.36
485,New Ulm,1,US,2021-03-28 16:56:45,48,44.3125,-94.4605,39.0,16.11
486,Port Augusta,0,AU,2021-03-28 16:56:45,77,-32.5,137.7667,62.6,5.75
487,Yarmouth,90,US,2021-03-28 16:56:45,87,41.7057,-70.2286,48.0,14.97
488,Bereda,0,ES,2021-03-28 16:56:46,37,43.2686,-7.5406,71.6,6.91
489,Luba,20,GQ,2021-03-28 16:56:46,74,3.4568,8.5547,86.0,12.66
490,Barentu,88,ER,2021-03-28 16:56:46,39,15.1139,37.5928,80.04,15.41
491,Soro,4,IN,2021-03-28 16:56:47,69,21.2881,86.6858,77.92,8.84
492,Mayo,90,US,2021-03-28 16:56:47,100,38.8876,-76.5119,62.01,13.8
493,Codrington,35,AU,2021-03-28 16:56:47,90,-38.2667,141.9667,58.03,5.64
494,Corsicana,1,US,2021-03-28 16:56:47,48,32.0954,-96.4689,64.99,10.36
495,Najran,0,SA,2021-03-28 16:56:48,15,17.4924,44.1277,84.2,8.05
496,Peskovka,49,RU,2021-03-28 16:56:48,99,59.0448,52.3606,20.77,4.61
497,Sur,98,OM,2021-03-28 16:53:31,38,22.5667,59.5289,84.24,5.91
498,Herat,0,AF,2021-03-28 16:52:07,50,34.5,62.0,51.8,9.22
499,Nathdwara,2,IN,2021-03-28 16:56:49,13,24.9333,73.8167,83.44,11.41
500,Wenzhou,7,CN,2021-03-28 16:56:49,94,27.9994,120.6668,66.0,1.95
501,Lakhimpur,0,IN,2021-03-28 16:56:49,16,27.95,80.7667,80.56,4.36
502,Yaritagua,97,VE,2021-03-28 16:56:50,49,10.08,-69.1261,85.75,5.75
503,Uruacu,100,BR,2021-03-28 16:56:50,46,-14.5247,-49.1408,87.13,1.99
504,Bairiki,40,KI,2021-03-28 16:56:50,94,1.3292,172.9752,75.2,6.91
505,Zemio,78,CF,2021-03-28 16:56:51,41,5.0314,25.1361,83.12,3.38
506,Guayaramerin,40,BO,2021-03-28 16:56:51,74,-10.8368,-65.3614,84.2,5.75
507,Lensk,100,RU,2021-03-28 16:56:51,96,60.7253,114.9278,17.08,3.62
508,Bela,2,IN,2021-03-28 16:56:51,11,25.9333,81.9833,82.26,4.21
509,Kalinovskaya,0,RU,2021-03-28 16:56:52,61,43.5758,45.5192,46.4,6.71
510,Alamosa,1,US,2021-03-28 16:56:52,44,37.4695,-105.87,37.4,3.44
511,Katangli,86,RU,2021-03-28 16:56:52,98,51.7102,143.2326,24.26,5.39
512,Pangkalanbuun,100,ID,2021-03-28 16:56:53,93,-2.6833,111.6167,75.61,0.45
513,Vestmanna,75,FO,2021-03-28 16:56:53,87,62.1564,-7.1664,39.2,24.16
514,Christchurch,100,NZ,2021-03-28 16:56:53,94,-43.5333,172.6333,62.01,4.61
515,Yakeshi,99,CN,2021-03-28 16:56:53,98,49.2833,120.7333,33.12,8.63
516,Payo,82,ID,2021-03-28 16:56:54,99,-3.7508,103.6372,73.2,2.53
517,Evreux,0,FR,2021-03-28 16:56:54,47,49.0241,1.1508,59.0,12.66
518,Abalak,68,RU,2021-03-28 16:56:54,97,58.1286,68.5944,14.54,2.64
519,Kieta,43,PG,2021-03-28 16:56:55,85,-6.2167,155.6333,78.08,3.36
520,Concordia,90,AR,2021-03-28 16:56:55,77,-31.393,-58.0209,68.0,5.75
521,Canala,40,NC,2021-03-28 16:56:55,88,-21.5333,165.95,71.6,1.14
522,Rock Sound,52,BS,2021-03-28 16:56:29,70,24.9,-76.2,77.38,16.17
523,Hellvik,75,NO,2021-03-28 16:56:56,81,59.9156,5.781,46.99,10.36
524,Nishihara,75,JP,2021-03-28 16:56:56,94,26.1842,127.7558,71.6,3.71
525,Iquique,0,CL,2021-03-28 16:56:56,56,-20.2208,-70.1431,71.6,9.22
526,Tarbert,75,GB,2021-03-28 16:56:57,94,55.8628,-5.4162,53.6,23.02
527,Tevaitoa,30,PF,2021-03-28 16:56:57,74,-16.7833,-151.5,81.9,22.39
528,Nome,90,US,2021-03-28 16:53:18,78,64.5011,-165.4064,9.0,24.16
529,Bambous Virieux,75,MU,2021-03-28 16:55:07,83,-20.3428,57.7575,80.6,3.44
530,Sibu,40,MY,2021-03-28 16:56:57,94,2.3,111.8167,77.0,3.44
531,Goderich,100,CA,2021-03-28 16:56:58,93,43.7501,-81.7165,41.0,10.36
532,Sidi Ali,82,DZ,2021-03-28 16:56:58,56,36.0998,0.4206,65.89,11.34
533,Coihaique,75,CL,2021-03-28 16:56:58,63,-45.5752,-72.0662,62.6,4.61
534,Linxia,86,CN,2021-03-28 16:56:59,33,35.6003,103.2064,46.85,2.75
535,Kabare,97,CD,2021-03-28 16:56:59,91,-2.4683,28.8242,60.28,3.36
536,Ontario,1,US,2021-03-28 16:52:05,36,34.0633,-117.6509,73.0,3.09
537,Kazerun,3,IR,2021-03-28 16:56:59,21,29.6195,51.6541,65.14,4.21
538,Mangai,69,CD,2021-03-28 16:57:00,71,-4.05,19.5333,78.76,0.98
539,Morondava,0,MG,2021-03-28 16:55:20,75,-20.2833,44.2833,79.84,10.47
540,Korem,59,ET,2021-03-28 16:57:00,40,12.5058,39.5228,58.23,5.55
541,Cockburn Town,40,TC,2021-03-28 16:57:00,69,21.4612,-71.1419,80.6,17.27
542,Nicoya,0,CR,2021-03-28 16:57:01,40,10.1483,-85.452,89.6,23.02
543,Langres,0,FR,2021-03-28 16:57:01,33,47.8333,5.3333,60.8,8.05
544,Alvik,73,SE,2021-03-28 16:57:01,100,60.7477,14.8746,42.8,4.61
545,Takoradi,7,GH,2021-03-28 16:57:01,72,4.8845,-1.7554,83.21,10.25
546,Keita,0,NE,2021-03-28 16:57:02,8,14.7551,5.7749,91.4,13.8
547,Aykhal,100,RU,2021-03-28 16:57:02,97,66.0,111.5,14.02,5.08
548,Trzebiatow,99,PL,2021-03-28 16:57:02,68,54.0615,15.2648,48.0,15.64
549,Barcarena,40,BR,2021-03-28 16:57:03,89,-1.5058,-48.6258,78.8,9.22
550,Zambrano,98,CO,2021-03-28 16:57:03,29,9.7472,-74.8153,97.77,8.61
551,Taksimo,10,RU,2021-03-28 16:57:03,83,56.3444,114.8794,7.72,3.36
552,Troitskoye,100,RU,2021-03-28 16:57:04,99,52.9821,84.6757,33.24,6.29
553,Nyurba,85,RU,2021-03-28 16:57:04,98,63.2842,118.3319,6.82,4.07
554,Ponta Do Sol,20,PT,2021-03-28 16:57:04,68,32.6667,-17.1,68.0,13.8
555,Buarcos,0,PT,2021-03-28 16:57:04,38,40.166,-8.8768,77.0,5.75
556,Fengzhen,99,CN,2021-03-28 16:57:05,28,40.4394,113.1536,34.84,4.03
557,Kendari,99,ID,2021-03-28 16:57:05,95,-3.945,122.4989,74.98,4.76
558,Ewa Beach,1,US,2021-03-28 16:57:06,68,21.3156,-158.0072,73.4,5.75
